{"cameraMode":{"drawMode":0,"name":"Shaded","section":"Shading Mode"},"sceneLighting":true,"audioPlay":false,"sceneViewState":{"m_AlwaysRefresh":false,"showFog":true,"showSkybox":true,"showFlares":true,"showImageEffects":true,"showParticleSystems":true,"showVisualEffectGraphs":true,"m_FxEnabled":true},"in2DMode":false,"pivot":{"x":1.1793265342712403,"y":9.880000114440918,"z":0.40763044357299807},"rotation":{"x":0.021801792085170747,"y":-0.9781937003135681,"z":0.14814920723438264,"w":0.14394770562648774},"size":5.840248107910156,"orthographic":true}