{"cameraMode":{"drawMode":0,"name":"Shaded","section":"Shading Mode"},"sceneLighting":true,"audioPlay":false,"sceneViewState":{"m_AlwaysRefresh":false,"showFog":true,"showSkybox":true,"showFlares":true,"showImageEffects":true,"showParticleSystems":true,"showVisualEffectGraphs":true,"m_FxEnabled":true},"in2DMode":false,"pivot":{"x":1.1793265342712403,"y":9.880000114440918,"z":0.40763044357299807},"rotation":{"x":0.04737580940127373,"y":-0.9225954413414002,"z":0.36348724365234377,"w":0.12025013566017151},"size":2.624370574951172,"orthographic":true}